Customer Name,Contact,Loan Number,Total Loan Amount,Current Balance,Current Escrow Balance,Prev Tax,Prev Insurance,Forecasted Tax,Forecasted Insurance,Last Tax Paid Date,Last Insurance Paid Date,Next Tax Pay Date,Next Insurance Pay Date,Forecasted Escrow Surplus,Forecasted Escrow Shortage,Last Interaction Date,Last Interaction Type,Last Interaction Summary,County,Property Address
Allison Hill,321.581.9600,41227216,356271.99,200084.26,6155.3,6045.15,2316.71,6273.8,2427.85,2024-11-13,2025-09-01,2025-11-13,2026-09-01,0.0,3996.62,2025-10-31,Call,Asked about escrow increase explanation,Collin,"386 Shane Harbors, Plano, TX 75070"
Jay Ramirez,651.216.1559,71662963,601514.05,439479.72,6012.14,6155.96,1513.18,6589.52,1566.2,2024-12-08,2024-11-28,2025-12-08,2025-11-28,0.0,3502.87,2025-10-17,Call,Requested payment schedule clarification,Dallas,"1849 Ray Squares, Irving, TX 75062"
Dylan Miller,516.647.5255,96977837,266609.62,247575.44,3356.16,3417.36,964.42,3780.54,1026.47,2025-07-17,2025-08-05,2026-07-17,2026-08-05,0.0,2252.02,2025-10-07,Call,Verified insurance premium update,Travis,"283 Steven Groves, Austin, TX 78704"
Frederick Tate,7305564139,97971488,209100.15,124746.88,5400.48,6984.53,1414.78,7314.94,1437.78,2025-04-15,2025-03-31,2026-04-15,2026-03-31,0.0,4811.03,2025-09-04,Email,Inquired about property tax adjustment,Harris,"7242 Julie Plain Suite 969, Houston, TX 77095"
Brenda Snyder PhD,922-669-1669,84252722,435094.67,294430.8,6838.77,3731.94,1403.96,4068.99,1506.68,2025-01-11,2025-05-06,2026-01-11,2026-05-06,333.82,0.0,2025-08-14,Call,Follow-up on prior escrow analysis letter,Collin,"184 Rodriguez Mews, Frisco, TX 75013"
Sherri Baker,728.914.8932x52880,12614124,496695.16,290553.71,7477.74,6096.73,1173.35,6457.57,1266.22,2024-12-07,2025-09-02,2025-12-07,2026-09-02,0.0,1533.35,2025-10-04,Call,Requested payment schedule clarification,Dallas,"4303 Christopher Oval, Irving, TX 75204"
Betty Alvarez,+1-624-889-6383,97225156,350805.66,194869.53,7600.37,6943.65,1334.95,7561.56,1395.83,2024-12-08,2025-08-12,2025-12-08,2026-08-12,0.0,2849.92,2025-10-14,In-App Message,Requested payment schedule clarification,Collin,"8713 Caleb Brooks Apt. 930, Allen, TX 75034"
Austin Johnson,818-534-7382x99737,22660194,708741.74,509931.63,6229.1,4927.95,1792.01,5236.34,1970.78,2024-12-02,2025-07-30,2025-12-02,2026-07-30,0.0,2179.21,2025-10-16,Email,Follow-up on prior escrow analysis letter,Tarrant,"656 Owens Stream, Fort Worth, TX 76107"
Mrs. Jennifer Morgan,633-938-7262,43528453,795827.18,418939.87,2119.87,6062.17,1813.9,6453.96,1929.32,2025-02-10,2025-01-14,2026-02-10,2026-01-14,0.0,7660.62,2025-09-22,In-App Message,Follow-up on prior escrow analysis letter,Travis,"8108 Tanya Terrace, Austin, TX 78701"
Mr. James Brown,(206)247-4687x2343,52091325,660212.56,334909.9,7193.52,6378.95,2106.62,6765.62,2183.33,2025-01-22,2024-12-07,2026-01-22,2025-12-07,0.0,3246.92,2025-10-10,Email,Verified insurance premium update,Tarrant,"97882 Susan Common, Grapevine, TX 76102"
Scott Powell,001-739-690-9169,37415205,721471.65,507801.21,1744.88,5813.85,2230.84,6253.9,2293.08,2024-12-19,2024-12-09,2025-12-19,2025-12-09,0.0,8226.6,2025-10-05,Chat,Requested payment schedule clarification,Collin,"46247 Hickman Cliffs Apt. 799, Allen, TX 75035"
Derek Mahoney,235-642-7849,99038526,599208.44,416032.13,1783.07,4633.41,2475.05,5108.84,2553.14,2025-08-16,2025-03-24,2026-08-16,2026-03-24,0.0,7155.91,2025-09-02,Email,Follow-up on prior escrow analysis letter,Harris,"41182 Campbell Fords, Pearland, TX 77002"
Sarah Wagner,801-264-0052x427,25015458,514492.85,249326.46,6324.22,6446.25,1018.27,6915.38,1078.84,2025-04-26,2024-12-30,2026-04-26,2025-12-30,0.0,3002.37,2025-08-18,Chat,Follow-up on prior escrow analysis letter,Collin,"280 Aguilar Drive, Plano, TX 75070"
Steven Flynn,4535315869,31810617,846685.12,700744.21,5829.07,6208.27,1478.29,6769.82,1542.76,2025-08-10,2024-12-22,2026-08-10,2025-12-22,0.0,3868.94,2025-09-20,In-App Message,Asked about escrow increase explanation,Harris,"0256 Joseph Turnpike, Pasadena, TX 77024"
Shannon Walker,754.833.0365x414,81969657,403564.17,300314.04,2610.8,3990.98,920.69,4337.39,948.87,2025-05-28,2024-12-25,2026-05-28,2025-12-25,0.0,3556.5,2025-09-20,Call,Inquired about property tax adjustment,Dallas,"14294 Daniel Mews Suite 569, Irving, TX 75201"
Cheryl Williams,(608)883-5615x95148,53779528,651733.33,363092.63,1926.18,7209.81,1770.77,7732.81,1913.52,2025-04-17,2025-06-11,2026-04-17,2026-06-11,0.0,9327.87,2025-11-02,In-App Message,Requested payment schedule clarification,Collin,"482 Robert Light Apt. 994, Frisco, TX 75025"
Dustin Jordan,001-495-377-7387,48089166,473288.39,313217.2,4269.17,6280.84,1944.72,7025.59,1981.39,2025-01-25,2025-08-16,2026-01-25,2026-08-16,0.0,6238.97,2025-10-20,In-App Message,Inquired about property tax adjustment,Collin,"34332 Brandon Mountains Apt. 769, Plano, TX 75070"
James Hernandez,001-901-463-2870x831,72363359,292656.68,197340.38,3953.17,4253.45,1224.67,4734.49,1285.76,2025-07-16,2025-02-26,2026-07-16,2026-02-26,0.0,3070.45,2025-10-27,Call,Asked about escrow increase explanation,Collin,"9868 Merritt Summit Suite 743, Frisco, TX 75024"
Kari Allen,814.434.5581x223,38716269,844775.24,738627.43,2164.18,5185.39,1163.37,5528.11,1181.14,2025-04-23,2025-04-11,2026-04-23,2026-04-11,0.0,5663.28,2025-11-09,In-App Message,Asked about escrow increase explanation,Harris,"6587 Brown Village, Houston, TX 77007"
Theresa Smith,001-596-670-5466x88937,68496914,363936.92,290529.3,6113.54,6525.13,1925.18,7006.69,1977.33,2025-07-26,2024-11-21,2026-07-26,2025-11-21,0.0,4367.82,2025-08-22,Email,Asked about escrow increase explanation,Travis,"65627 Tina Place Apt. 699, Austin, TX 78745"
Brandy Murray,6468537556,43859311,710981.67,340263.48,5089.24,5262.83,2249.62,5495.28,2466.64,2025-07-22,2024-11-26,2026-07-22,2025-11-26,0.0,4199.67,2025-10-26,Call,Requested payment schedule clarification,Harris,"0805 Debra Tunnel, Pearland, TX 77002"
David Combs,+1-323-427-1937x452,51746937,796364.4,519140.22,7591.17,5563.54,1784.16,5750.35,1815.17,2025-01-27,2024-12-10,2026-01-27,2025-12-10,0.0,1235.27,2025-10-10,Chat,Inquired about property tax adjustment,Collin,"049 Sanders Stravenue, Plano, TX 75070"
Lori Garcia,001-849-919-0586x51850,24165187,349210.88,179996.96,5518.51,5057.51,2379.33,5635.16,2405.12,2025-02-23,2025-03-16,2026-02-23,2026-03-16,0.0,3861.82,2025-11-04,Call,Asked about escrow increase explanation,Dallas,"7262 Gilbert Plain Suite 769, Garland, TX 75204"
Timothy Ramirez,537.799.6507x527,44675473,249342.43,155715.45,1481.54,4099.28,1284.48,4383.92,1360.12,2025-08-06,2025-05-14,2026-08-06,2026-05-14,0.0,5219.84,2025-10-15,Chat,Follow-up on prior escrow analysis letter,Harris,"9480 Christopher Stravenue Suite 783, Houston, TX 77057"
Joan Smith,736-734-9578x8568,70900658,848817.03,425930.66,7146.89,4190.1,2312.51,4595.78,2367.99,2025-02-26,2025-08-19,2026-02-26,2026-08-19,0.0,977.51,2025-10-10,Chat,Follow-up on prior escrow analysis letter,Harris,"4313 Wilson Plain Apt. 337, Houston, TX 77057"
Kelly Campbell,434-635-2408,16109013,665622.85,583389.41,4537.86,4130.05,2343.87,4272.83,2501.11,2025-03-01,2025-05-12,2026-03-01,2026-05-12,0.0,3365.07,2025-09-29,Chat,Asked about escrow increase explanation,Dallas,"427 Monique Ports, Garland, TX 75204"
Cody Williams,511.367.1902x2941,84903294,627835.03,364758.11,6188.62,5482.56,1527.07,5651.81,1552.68,2025-06-19,2025-07-10,2026-06-19,2026-07-10,0.0,2216.62,2025-08-19,Email,Follow-up on prior escrow analysis letter,Collin,"993 Hayes Mills Suite 964, Allen, TX 75024"
Natalie Meza,434.212.3281,64830300,564393.82,375261.7,1292.8,4640.93,2386.25,5186.23,2418.68,2025-02-21,2025-07-11,2026-02-21,2026-07-11,0.0,7579.6,2025-10-10,Chat,Requested payment schedule clarification,Collin,"974 Jesse Squares Suite 713, Allen, TX 75035"
Taylor Coleman,+1-632-942-1024,26690465,735087.18,655747.27,3844.64,5792.98,1062.74,6451.58,1156.06,2025-02-16,2024-11-21,2026-02-16,2025-11-21,0.0,5030.94,2025-08-22,Email,Verified insurance premium update,Dallas,"464 Kim Rapid Apt. 659, Dallas, TX 75219"
Michael Valencia,001-604-490-2787,88561612,843365.47,709433.34,3881.99,6014.58,2049.6,6329.35,2099.46,2025-08-07,2025-05-22,2026-08-07,2026-05-22,0.0,5951.62,2025-09-10,Call,Verified insurance premium update,Collin,"717 Ortiz Islands Apt. 256, Frisco, TX 75070"
Jennifer Hodges,2719545168,65465150,299679.62,272476.49,3447.61,6692.41,2281.25,7027.45,2439.58,2024-12-31,2025-03-02,2025-12-31,2026-03-02,0.0,7597.26,2025-09-25,In-App Message,Inquired about property tax adjustment,Collin,"85977 James Plaza, McKinney, TX 75024"
Kari Johnson,+1-393-424-8086x1317,76890827,413359.6,291295.68,5756.63,6796.48,1362.95,7017.26,1484.16,2025-05-27,2025-08-27,2026-05-27,2026-08-27,0.0,4161.69,2025-11-07,Chat,Requested payment schedule clarification,Tarrant,"467 Sanchez Plaza Apt. 639, Fort Worth, TX 76109"
Benjamin Barton,(758)740-4499x72787,84077101,231301.91,154343.57,6099.82,4411.55,1830.56,4746.95,1912.33,2025-08-11,2025-04-08,2026-08-11,2026-04-08,0.0,1669.34,2025-09-20,Email,Inquired about property tax adjustment,Harris,"5339 Hall Trail Suite 057, Pasadena, TX 77002"
Rebecca Pearson MD,9282951718,29348212,539940.26,460706.96,5808.0,7231.18,2052.96,7576.35,2153.18,2025-04-07,2025-03-13,2026-04-07,2026-03-13,0.0,5543.12,2025-10-13,Chat,Follow-up on prior escrow analysis letter,Collin,"217 Morgan Square Suite 158, McKinney, TX 75013"
Olivia Brennan,3919343161,32329103,689815.7,414000.57,3164.99,4837.77,1484.08,5111.63,1515.92,2025-01-17,2024-12-11,2026-01-17,2025-12-11,0.0,4567.15,2025-10-12,In-App Message,Verified insurance premium update,Tarrant,"05045 Jordan Gardens Suite 922, Grapevine, TX 76102"
Lisa Allen,001-623-474-7407,19913576,560952.91,252542.67,3008.4,4934.5,1785.97,5373.29,1878.57,2025-04-08,2025-06-21,2026-04-08,2026-06-21,0.0,5452.1,2025-09-17,In-App Message,Requested payment schedule clarification,Dallas,"9464 Bruce Flat Suite 713, Garland, TX 75039"
Wendy Phillips,+1-664-409-0974x39533,94322033,644138.06,381260.94,5646.98,5786.67,958.76,6456.07,988.61,2025-01-01,2024-12-16,2026-01-01,2025-12-16,0.0,3038.48,2025-11-10,Chat,Requested payment schedule clarification,Harris,"047 Bethany Street, Pasadena, TX 77008"
Paul Thompson,(685)788-4247,25457816,184660.29,173944.09,5278.92,6458.2,1574.21,7167.0,1671.51,2025-04-03,2025-07-30,2026-04-03,2026-07-30,0.0,5032.68,2025-10-25,In-App Message,Verified insurance premium update,Dallas,"23685 Krystal Bridge Suite 817, Irving, TX 75201"
Lauren Carson,(613)870-9859x317,25659979,642043.51,290699.59,6256.75,6465.21,981.2,6906.55,1006.54,2025-04-10,2025-05-06,2026-04-10,2026-05-06,0.0,2975.19,2025-09-19,In-App Message,Asked about escrow increase explanation,Travis,"04711 Paige Dale, Austin, TX 78702"
Natalie Bautista,(592)761-7964x05377,23335151,492346.37,418843.14,5673.04,7445.52,1812.27,8305.5,1975.79,2024-11-19,2024-11-30,2025-11-19,2025-11-30,0.0,6321.8,2025-10-29,In-App Message,Follow-up on prior escrow analysis letter,Harris,"506 Lopez Crossing Suite 139, Houston, TX 77007"
William Buchanan,218.639.3352,29419691,487552.32,402663.8,6879.04,4247.9,2122.05,4560.6,2188.96,2025-02-11,2025-06-27,2026-02-11,2026-06-27,0.0,995.45,2025-09-14,In-App Message,Asked about escrow increase explanation,Travis,"421 David Knolls, Austin, TX 78745"
Derek Martinez,(281)617-7589x17839,71477426,401885.65,360295.88,1564.04,3678.74,1451.16,3839.69,1493.61,2025-03-16,2025-07-05,2026-03-16,2026-07-05,0.0,4658.14,2025-08-28,In-App Message,Verified insurance premium update,Tarrant,"76617 Jones Common, Fort Worth, TX 76109"
Donald Schultz,+1-856-398-4789,25356396,461830.68,255585.04,3941.0,7071.77,1792.94,7726.6,1949.12,2024-12-17,2025-03-12,2025-12-17,2026-03-12,0.0,7347.34,2025-09-24,In-App Message,Verified insurance premium update,Tarrant,"7365 Ross Stream, Grapevine, TX 76010"
David Mckay,+1-771-311-1615x28098,65137801,715106.34,626950.87,7674.01,4885.6,2070.78,5272.3,2203.92,2024-12-23,2025-03-26,2025-12-23,2026-03-26,0.0,1048.25,2025-11-04,Email,Verified insurance premium update,Collin,"604 Bell Ports Apt. 273, Allen, TX 75025"
Ashley Ramirez,268.499.8094,46677730,514231.5,331385.49,5682.12,6591.64,2031.11,7288.02,2219.51,2025-04-06,2025-04-23,2026-04-06,2026-04-23,0.0,5410.0,2025-09-27,Call,Verified insurance premium update,Dallas,"5022 Jones Streets Apt. 183, Garland, TX 75039"
Jacob Griffith,001-999-810-2290x14767,46663833,212960.6,141471.09,7067.96,3817.78,1242.27,4044.79,1305.53,2025-06-29,2025-05-18,2026-06-29,2026-05-18,825.92,0.0,2025-10-04,Chat,Verified insurance premium update,Harris,"156 Justin Springs, Pearland, TX 77002"
Amber Foster,+1-900-834-3244x510,33581357,776183.19,531804.57,6243.17,3234.39,2418.26,3396.69,2457.38,2025-08-26,2024-11-27,2026-08-26,2025-11-27,0.0,586.58,2025-09-25,Call,Asked about escrow increase explanation,Tarrant,"8388 Jones Wall, Arlington, TX 76109"
Thomas Atkins,001-769-466-4160,92963368,165285.01,86971.51,1883.55,6012.56,1758.75,6310.88,1887.05,2025-03-11,2025-08-27,2026-03-11,2026-08-27,0.0,7680.7,2025-09-15,Chat,Requested payment schedule clarification,Dallas,"516 John Radial Suite 816, Irving, TX 75150"
Richard Jones,+1-418-483-5523x1243,97980930,733343.91,390053.09,3177.27,5604.08,2379.11,6062.62,2597.33,2025-03-13,2025-01-08,2026-03-13,2026-01-08,0.0,6926.01,2025-09-25,In-App Message,Verified insurance premium update,Harris,"77997 Lin Road, Pearland, TX 77007"
Jeremy Turner,690-358-1477x005,96525668,667960.81,510069.03,1713.31,6476.16,2245.5,7020.4,2292.42,2025-08-24,2024-11-26,2026-08-24,2025-11-26,0.0,9151.65,2025-09-26,Call,Inquired about property tax adjustment,Dallas,"986 Carpenter Turnpike, Dallas, TX 75062"
Laura Lopez,+1-578-920-7151x820,68978194,201717.55,156083.32,1088.57,4890.26,1633.34,5227.77,1702.92,2025-07-14,2025-07-20,2026-07-14,2026-07-20,0.0,6997.24,2025-09-15,In-App Message,Requested payment schedule clarification,Harris,"5466 Shelton Center, Pasadena, TX 77077"
Brandon Gregory,349-625-1925x4629,85017250,874105.3,511387.61,6657.39,5421.78,1621.95,5796.98,1744.88,2025-01-20,2025-02-02,2026-01-20,2026-02-02,0.0,2141.45,2025-09-16,Chat,Inquired about property tax adjustment,Travis,"528 Debbie Manors Suite 054, Austin, TX 78759"
Katelyn Perez,(721)441-8880,90161060,811223.39,463964.39,4252.96,5746.49,1444.28,5933.73,1569.33,2025-08-30,2025-08-28,2026-08-30,2026-08-28,0.0,4500.61,2025-10-29,Email,Verified insurance premium update,Dallas,"22927 Robert Springs Apt. 794, Dallas, TX 75219"
Joseph Collins,435.697.7468x8623,17003454,343764.31,202762.24,5173.09,6960.48,1744.84,7492.93,1792.29,2025-04-29,2024-12-16,2026-04-29,2025-12-16,0.0,5659.67,2025-11-10,Email,Verified insurance premium update,Dallas,"8181 Miller Estates Suite 782, Garland, TX 75150"
Jerry Bailey,7605685361,13783268,634427.17,441187.42,6550.53,3418.74,1176.71,3734.16,1220.91,2024-12-11,2024-11-18,2025-12-11,2025-11-18,769.62,0.0,2025-09-07,Chat,Verified insurance premium update,Travis,"52204 Horton Dam Suite 790, Austin, TX 78745"
Chase Bentley,+1-986-314-3410x369,24879094,469127.86,386077.08,3315.54,6162.85,1260.56,6487.18,1286.85,2025-02-12,2025-06-20,2026-02-12,2026-06-20,0.0,5754.16,2025-09-23,Email,Inquired about property tax adjustment,Harris,"808 Jennifer Highway Suite 095, Pearland, TX 77077"
Michael Mills,(718)688-8806x706,12179995,312288.48,216134.64,6072.1,7394.73,1691.88,7804.91,1724.11,2025-07-14,2025-01-20,2026-07-14,2026-01-20,0.0,5045.09,2025-10-31,Email,Inquired about property tax adjustment,Collin,"53195 Bradley Plains Suite 277, Frisco, TX 75024"
Mike Acevedo,8439030548,43999198,376700.69,302870.84,1886.08,3204.82,892.69,3385.23,977.47,2025-02-25,2024-12-29,2026-02-25,2025-12-29,0.0,3203.74,2025-10-30,In-App Message,Asked about escrow increase explanation,Dallas,"345 Michelle Isle, Garland, TX 75204"
Steve Paul,(452)677-5841x6169,53112268,509035.66,315781.78,7758.48,4136.15,2264.93,4302.7,2300.9,2025-03-27,2025-05-03,2026-03-27,2026-05-03,54.28,0.0,2025-08-18,In-App Message,Asked about escrow increase explanation,Collin,"54479 Jackson Mills, Allen, TX 75034"
Susan Mendez,(340)516-5820x29702,96592295,263795.26,225695.58,7643.88,3383.31,1221.92,3654.74,1279.91,2025-01-03,2025-06-04,2026-01-03,2026-06-04,1886.79,0.0,2025-09-18,Email,Follow-up on prior escrow analysis letter,Harris,"6909 Erika Land Suite 719, Pearland, TX 77002"
Matthew Wright,602-978-6814,38799154,373014.85,277620.99,4001.81,5558.83,902.39,6205.93,919.47,2025-07-28,2025-03-25,2026-07-28,2026-03-25,0.0,4311.16,2025-10-21,Email,Requested payment schedule clarification,Travis,"731 Melissa Mission Apt. 715, Austin, TX 78745"
Joshua Vance,(925)283-1323,58438711,267792.82,143779.78,1525.45,3012.04,1565.86,3263.37,1622.57,2025-06-22,2024-12-09,2026-06-22,2025-12-09,0.0,4174.81,2025-08-26,Email,Inquired about property tax adjustment,Tarrant,"8291 Kyle Stravenue Suite 866, Grapevine, TX 76102"
Maria Cole,+1-685-428-9226x80182,31738837,203384.82,115260.6,2851.88,6560.61,1802.64,7232.1,1852.76,2025-07-11,2025-03-08,2026-07-11,2026-03-08,0.0,7747.12,2025-10-12,Call,Follow-up on prior escrow analysis letter,Tarrant,"358 Singleton Glen Apt. 842, Grapevine, TX 76010"
Kathryn Jackson,001-322-299-5900,96094462,769973.37,373979.85,2161.46,4384.25,2073.23,4740.38,2147.81,2025-08-04,2025-04-17,2026-08-04,2026-04-17,0.0,5874.76,2025-09-11,Call,Verified insurance premium update,Dallas,"396 Tyler Road Suite 473, Irving, TX 75219"
Michael Moore,(377)735-9255x56258,42445506,857007.18,600107.36,4456.57,3361.99,867.76,3593.57,901.61,2025-06-23,2025-08-18,2026-06-23,2026-08-18,0.0,787.81,2025-09-13,Chat,Asked about escrow increase explanation,Tarrant,"47321 Kelly Lights Suite 325, Grapevine, TX 76010"
Christopher Ferrell,774.270.1687x339,16783418,776968.96,573091.96,7655.5,7498.08,1942.88,7904.9,1969.34,2025-04-02,2024-11-28,2026-04-02,2025-11-28,0.0,3864.45,2025-09-21,Email,Verified insurance premium update,Collin,"9748 Melanie Meadows Apt. 456, Frisco, TX 75070"
Justin Cox,716-787-8499x1216,84870921,837054.59,452632.73,5097.31,5856.53,1635.93,6080.32,1703.52,2025-01-07,2025-07-04,2026-01-07,2026-07-04,0.0,3983.84,2025-11-08,Chat,Inquired about property tax adjustment,Harris,"39868 Brandon Dam Suite 787, Pearland, TX 77584"
Erin Austin,(969)649-5888,73739005,458733.82,320074.42,5638.08,4802.04,2092.85,4961.96,2130.37,2025-08-05,2025-07-13,2026-08-05,2026-07-13,0.0,2636.31,2025-08-16,Chat,Inquired about property tax adjustment,Collin,"5169 Robles Stream, Frisco, TX 75025"
Deborah Rios,001-399-530-9728x96230,12541730,768695.4,346355.34,7085.57,5078.89,892.15,5468.24,951.06,2025-01-30,2025-06-16,2026-01-30,2026-06-16,0.0,403.61,2025-09-14,In-App Message,Verified insurance premium update,Collin,"6263 Shaw Ridge Suite 028, McKinney, TX 75035"
Mrs. Jamie Frye DDS,+1-658-654-9733,40181142,561914.73,513498.12,4066.81,6142.13,1006.42,6864.34,1071.63,2025-07-31,2025-06-09,2026-07-31,2026-06-09,0.0,5191.82,2025-09-19,Email,Requested payment schedule clarification,Collin,"3757 Castro Underpass Suite 419, Frisco, TX 75025"
Jennifer Reed,001-624-404-1574x73384,24660143,564188.56,280178.63,7945.8,7108.18,1584.46,7396.57,1718.97,2025-05-13,2024-12-20,2026-05-13,2025-12-20,0.0,2689.0,2025-10-19,In-App Message,Inquired about property tax adjustment,Tarrant,"08330 Robert Stravenue, Grapevine, TX 76102"
Abigail Pierce,(367)573-4540,81826922,461617.76,319093.18,4305.54,5055.54,1045.89,5293.93,1112.77,2025-03-03,2024-11-25,2026-03-03,2025-11-25,0.0,3168.94,2025-08-14,Email,Asked about escrow increase explanation,Harris,"62067 Sharon Well, Pearland, TX 77057"
Lance Hebert,947-688-7287x43152,34991216,850686.3,598771.58,6743.85,4272.78,1307.54,4626.67,1438.16,2025-07-17,2025-04-17,2026-07-17,2026-04-17,0.0,331.79,2025-11-02,In-App Message,Requested payment schedule clarification,Tarrant,"549 Gregory Walks, Arlington, TX 76109"
Garrett Morales,522-975-3046,45835371,399329.97,332017.45,3640.47,7197.84,2278.32,8049.13,2350.07,2025-04-17,2025-08-04,2026-04-17,2026-08-04,0.0,8491.93,2025-10-01,In-App Message,Requested payment schedule clarification,Travis,"9904 Schwartz Circle Apt. 742, Austin, TX 78704"
Stacy Carrillo,001-714-859-3327x279,83717007,708528.86,568675.14,6679.86,4737.35,1928.27,5229.41,2117.77,2024-12-04,2025-06-11,2025-12-04,2026-06-11,0.0,1891.85,2025-11-09,In-App Message,Asked about escrow increase explanation,Travis,"339 Alicia Pines Suite 191, Austin, TX 78704"
Laura Hernandez,887-913-9718x70728,85686878,225273.45,196555.53,1697.98,7096.99,826.09,7401.98,899.1,2025-08-27,2025-02-03,2026-08-27,2026-02-03,0.0,7986.61,2025-10-09,Email,Asked about escrow increase explanation,Dallas,"740 Scott Alley, Garland, TX 75150"
Jeff Graves,+1-801-770-4622,61335545,617444.55,400562.0,1562.21,4478.55,1946.41,4827.99,2133.02,2024-11-12,2025-08-31,2025-11-12,2026-08-31,0.0,6558.97,2025-08-16,In-App Message,Follow-up on prior escrow analysis letter,Travis,"6182 Wilson Plain Suite 823, Austin, TX 78704"
Julie Ball,(286)533-7524x31069,37659807,623370.76,567556.98,7981.98,6360.45,1537.75,6607.62,1640.84,2025-04-30,2025-02-10,2026-04-30,2026-02-10,0.0,1641.22,2025-10-05,Call,Verified insurance premium update,Collin,"90790 Joy Locks, Plano, TX 75024"
Scott Brown,643.695.9953x42836,18181595,184493.23,156463.49,3053.57,4686.78,1047.47,5051.43,1111.3,2025-07-29,2025-04-08,2026-07-29,2026-04-08,0.0,4136.28,2025-10-29,Email,Requested payment schedule clarification,Dallas,"687 Teresa Row, Garland, TX 75201"
Melissa Russell,862-487-3342x7086,62132722,803129.7,610262.27,2685.81,7107.73,1043.3,7615.96,1077.58,2025-01-23,2024-12-01,2026-01-23,2025-12-01,0.0,7456.65,2025-09-09,Chat,Asked about escrow increase explanation,Dallas,"3517 Davis Stream, Dallas, TX 75062"
Larry Williams,239-583-7354,35504548,268481.72,180114.96,3418.96,5644.07,1886.2,6028.93,1947.52,2025-06-13,2025-03-15,2026-06-13,2026-03-15,0.0,5886.9,2025-10-28,Chat,Requested payment schedule clarification,Travis,"739 Randy Garden, Austin, TX 78759"
John Wong,245-587-7175x3556,29585415,327904.28,241324.88,5023.68,7467.11,1301.89,8348.34,1392.03,2025-02-08,2025-04-07,2026-02-08,2026-04-07,0.0,6340.09,2025-10-08,Chat,Asked about escrow increase explanation,Travis,"8996 Hernandez Isle, Austin, TX 78701"
Kathryn Pena,+1-254-277-7252x28728,19976458,832962.72,685183.54,6829.87,7063.21,2118.76,7421.39,2292.87,2025-04-04,2024-12-04,2026-04-04,2025-12-04,0.0,4503.43,2025-10-12,Email,Requested payment schedule clarification,Harris,"62312 Jeffery Motorway, Pearland, TX 77002"
Taylor Durham,+1-870-408-8600x84840,24363501,621186.08,560124.64,5524.38,4390.2,1549.4,4750.91,1667.02,2025-04-14,2024-12-11,2026-04-14,2025-12-11,0.0,1963.21,2025-09-19,Call,Inquired about property tax adjustment,Harris,"233 Ochoa Grove, Pasadena, TX 77008"
Judy Sanchez,001-234-410-1666x870,21097943,281730.05,145395.22,4775.85,7371.7,1702.45,8198.91,1846.72,2025-08-03,2025-02-27,2026-08-03,2026-02-27,0.0,6944.05,2025-11-09,Chat,Verified insurance premium update,Tarrant,"5918 Jerry Ways Suite 401, Grapevine, TX 76010"
Mary White,703-892-6142x93968,28783850,753174.4,515296.09,1527.1,6393.68,1183.54,6974.67,1267.21,2025-03-23,2025-07-04,2026-03-23,2026-07-04,0.0,8088.43,2025-10-27,In-App Message,Follow-up on prior escrow analysis letter,Tarrant,"501 Hall Club, Grapevine, TX 76109"
Linda Novak,604-577-3586x62961,19865900,160438.99,115241.11,4183.5,6027.73,1942.98,6525.68,2106.22,2024-11-13,2025-03-10,2025-11-13,2026-03-10,0.0,5887.05,2025-09-26,Chat,Asked about escrow increase explanation,Tarrant,"2626 Ward Course, Fort Worth, TX 76010"
Derrick Anderson,(367)788-8610,84386123,614660.15,566461.31,3296.04,5745.37,1901.01,6246.29,1999.45,2025-09-09,2024-12-13,2026-09-09,2025-12-13,0.0,6323.99,2025-10-23,Chat,Verified insurance premium update,Dallas,"956 Kelly Loaf, Mesquite, TX 75201"
Susan Spence,001-982-462-2444,18491573,859696.15,517693.8,4448.37,3437.36,2308.34,3582.45,2425.67,2025-08-17,2025-07-11,2026-08-17,2026-07-11,0.0,2561.1,2025-10-01,In-App Message,Follow-up on prior escrow analysis letter,Collin,"4647 Michael Gateway, Frisco, TX 75013"
Christina Rodriguez,706-559-6575x6924,74291599,224266.23,155791.81,3856.81,7281.85,855.62,7743.14,898.32,2025-01-27,2025-06-28,2026-01-27,2026-06-28,0.0,6224.89,2025-10-05,Email,Inquired about property tax adjustment,Dallas,"65479 Mark Harbors Suite 519, Mesquite, TX 75040"
Randall Johnson,001-873-874-1672x4342,19927432,826272.16,638223.69,1423.85,4241.47,2445.95,4730.98,2651.84,2024-12-23,2025-09-05,2025-12-23,2026-09-05,0.0,7189.44,2025-09-07,Call,Requested payment schedule clarification,Collin,"796 Stephens Turnpike Suite 891, Allen, TX 75035"
Heather Holland,5965561014,69831384,740095.94,423175.35,1881.47,5540.6,916.64,6088.37,942.9,2024-12-26,2025-08-21,2025-12-26,2026-08-21,0.0,6321.68,2025-08-27,Email,Requested payment schedule clarification,Harris,"7982 Cuevas Orchard Apt. 461, Houston, TX 77002"
Grant Mueller,375.471.7751x40105,42737441,152126.66,133750.23,2012.82,3584.96,1226.11,3748.81,1311.32,2025-04-17,2025-07-13,2026-04-17,2026-07-13,0.0,3890.67,2025-08-31,Call,Requested payment schedule clarification,Tarrant,"258 Mullen Fort, Fort Worth, TX 76011"
Matthew Foster,001-393-479-6603x3419,59095909,591639.69,270906.22,2857.57,3570.41,1515.63,3714.04,1539.46,2025-03-27,2025-05-07,2026-03-27,2026-05-07,0.0,3271.51,2025-10-12,In-App Message,Inquired about property tax adjustment,Collin,"71478 Harper Ridge Suite 915, Allen, TX 75024"
Michael Mcbride,+1-891-825-1341x252,90050918,489004.06,274221.19,5305.75,6272.59,2344.88,6832.74,2431.98,2025-07-19,2025-01-17,2026-07-19,2026-01-17,0.0,5503.09,2025-10-06,Call,Asked about escrow increase explanation,Harris,"662 Reid Square, Pearland, TX 77007"
Dylan Lopez,890.950.7236x887,65784972,664573.12,461967.66,7367.91,3330.71,937.34,3612.98,952.25,2025-09-10,2025-05-07,2026-09-10,2026-05-07,2041.81,0.0,2025-10-07,Chat,Follow-up on prior escrow analysis letter,Travis,"2190 Kelly Harbor Apt. 842, Austin, TX 78745"
Pamela Dunn,591-848-5807,23746101,435678.3,326190.57,3064.28,5274.98,1531.34,5809.75,1562.42,2025-09-08,2025-02-11,2026-09-08,2026-02-11,0.0,5536.58,2025-09-03,Email,Verified insurance premium update,Harris,"0745 Scott Crest, Pearland, TX 77077"
Leah Bell,001-696-429-2330x958,53440052,404198.71,273541.26,3911.93,3427.89,1525.5,3735.92,1592.14,2025-08-10,2025-01-01,2026-08-10,2026-01-01,0.0,2304.14,2025-09-07,Email,Verified insurance premium update,Travis,"9481 Sydney Turnpike Suite 042, Austin, TX 78745"
Frank Wright,+1-767-929-4667x11684,75504221,219922.58,109583.51,6171.57,6652.96,1745.83,7203.7,1851.53,2025-05-22,2025-02-23,2026-05-22,2026-02-23,0.0,4392.86,2025-09-14,Chat,Asked about escrow increase explanation,Collin,"017 Horn Underpass Suite 363, Plano, TX 75013"
Gail Lane,001-475-900-1701,71272827,801069.11,649290.82,7778.79,5701.85,1397.8,6169.47,1438.54,2025-02-16,2024-12-13,2026-02-16,2025-12-13,0.0,1097.22,2025-09-19,In-App Message,Requested payment schedule clarification,Travis,"3242 Davis Lake, Austin, TX 78745"
Mariah Williams,+1-943-261-1037x1293,11082139,425670.79,353861.33,5018.7,6632.5,2236.76,7413.21,2423.88,2025-03-07,2025-01-03,2026-03-07,2026-01-03,0.0,6457.9,2025-09-20,Call,Follow-up on prior escrow analysis letter,Collin,"62713 Davis Valley Apt. 155, Allen, TX 75035"
Nicole Anderson,+1-921-589-0927x53269,21635070,354952.79,295038.45,7450.76,4579.61,1108.39,4776.04,1185.05,2025-02-26,2025-07-19,2026-02-26,2026-07-19,496.15,0.0,2025-08-22,Call,Requested payment schedule clarification,Tarrant,"19656 Moody Gateway, Fort Worth, TX 76107"
Kyle Griffith,804-338-9836x4037,42357445,547862.02,349589.22,4175.52,3708.34,1329.78,3927.85,1455.75,2025-04-01,2025-06-11,2026-04-01,2026-06-11,0.0,2105.35,2025-10-19,Call,Asked about escrow increase explanation,Collin,"918 Valerie Island Apt. 696, Plano, TX 75070"
John Archer,809-610-4300,94365330,613378.64,482719.39,2904.72,5978.72,1625.62,6395.94,1681.84,2025-06-07,2025-03-17,2026-06-07,2026-03-17,0.0,6519.36,2025-09-20,Call,Inquired about property tax adjustment,Dallas,"6188 Joshua Inlet Apt. 832, Irving, TX 75150"
Pamela Santos,+1-214-663-0316x1799,99399687,658663.42,491736.46,4688.54,4387.89,1174.88,4908.29,1192.42,2025-08-17,2025-02-19,2026-08-17,2026-02-19,0.0,2428.95,2025-08-30,Email,Inquired about property tax adjustment,Travis,"02027 Mills Tunnel, Austin, TX 78704"
Paul Marks,001-710-256-4814x9177,77056519,341639.63,209787.63,1054.11,6361.56,1098.68,6770.09,1179.25,2024-11-11,2024-11-28,2025-11-11,2025-11-28,0.0,8220.12,2025-11-05,Chat,Asked about escrow increase explanation,Dallas,"2419 Jeremy Pass, Irving, TX 75150"
Dana Ruiz,(722)308-6353x6541,77382794,164056.15,149386.45,7034.77,5590.92,1774.78,6115.66,1859.25,2025-03-11,2025-03-18,2026-03-11,2026-03-18,0.0,2269.29,2025-08-22,Call,Verified insurance premium update,Travis,"38061 Cline Trail, Austin, TX 78745"
Aimee Gonzalez,001-549-437-5973,10856024,750991.62,570049.68,6824.18,7138.96,949.82,7895.72,980.12,2025-02-11,2025-04-23,2026-02-11,2026-04-23,0.0,3530.97,2025-09-30,In-App Message,Follow-up on prior escrow analysis letter,Collin,"38505 Katherine Lane Suite 138, Allen, TX 75024"
Valerie Thomas,410-838-6571x918,20043577,709353.62,397795.6,6453.83,3343.71,1876.48,3603.7,1927.99,2025-08-10,2025-08-23,2026-08-10,2026-08-23,0.19,0.0,2025-09-14,Chat,Inquired about property tax adjustment,Collin,"2344 Howe Lock, McKinney, TX 75025"
Dillon Jones,729.812.1277,26205010,259833.16,142553.8,5216.79,6420.97,1914.37,6715.97,2066.67,2025-03-18,2025-01-07,2026-03-18,2026-01-07,0.0,5029.62,2025-08-22,In-App Message,Verified insurance premium update,Dallas,"74741 Eric Spur Suite 903, Irving, TX 75201"
Tracy Foster,5443206788,72014395,660850.11,588833.36,5500.94,7439.39,1349.45,8312.68,1401.34,2025-08-04,2025-07-13,2026-08-04,2026-07-13,0.0,5832.08,2025-10-15,In-App Message,Asked about escrow increase explanation,Harris,"10032 Madison Landing, Pearland, TX 77584"
Kevin Lowery,201-937-2151,16796477,747247.26,557229.66,3463.6,3333.86,1584.96,3445.16,1653.41,2025-01-17,2025-03-28,2026-01-17,2026-03-28,0.0,2484.73,2025-09-03,Chat,Asked about escrow increase explanation,Travis,"667 Patrick Meadow, Austin, TX 78704"
Denise Griffin,(909)299-3476,21773787,585247.06,542591.76,6172.45,3184.6,2345.38,3443.98,2408.57,2025-06-10,2025-09-10,2026-06-10,2026-09-10,0.0,655.53,2025-09-30,In-App Message,Follow-up on prior escrow analysis letter,Collin,"2638 Crystal Unions Apt. 657, McKinney, TX 75034"
Keith Morris,520-459-3040x785,23439803,227626.41,204764.39,3404.06,6214.42,1657.73,6497.36,1711.27,2025-06-22,2025-04-10,2026-06-22,2026-04-10,0.0,6172.67,2025-09-17,In-App Message,Verified insurance premium update,Dallas,"348 Kathryn Forges, Dallas, TX 75039"
Wendy Thompson,495.559.0599,76065552,422923.47,384424.07,3711.92,6485.09,1954.13,6710.21,2084.63,2024-12-31,2025-03-23,2025-12-31,2026-03-23,0.0,6548.73,2025-10-22,Chat,Asked about escrow increase explanation,Harris,"70103 Andrew Neck Apt. 593, Pearland, TX 77008"
Robert Oneill,7028921851,88653825,658784.51,390048.84,6066.14,5954.54,2340.78,6601.17,2434.42,2025-07-21,2025-03-14,2026-07-21,2026-03-14,0.0,4475.38,2025-08-30,Email,Inquired about property tax adjustment,Tarrant,"4522 Conner Oval, Fort Worth, TX 76011"
Kristina Preston,+1-853-292-6442x209,34438599,646601.37,332660.78,5961.84,3381.24,1750.17,3678.5,1819.41,2025-01-15,2025-07-16,2026-01-15,2026-07-16,0.0,452.39,2025-11-07,Email,Follow-up on prior escrow analysis letter,Tarrant,"391 Taylor Summit Apt. 355, Grapevine, TX 76051"
Samantha Santiago,001-857-904-3315x4100,66324902,421371.07,266011.07,2261.84,3963.87,2411.04,4256.26,2484.31,2025-06-23,2025-07-21,2026-06-23,2026-07-21,0.0,5602.16,2025-10-26,Email,Requested payment schedule clarification,Collin,"7658 Garcia Neck, McKinney, TX 75035"
Carla Jones,8404541152,20066654,530767.28,382091.6,6170.51,5369.39,1925.28,5953.98,2051.62,2025-07-04,2025-04-28,2026-07-04,2026-04-28,0.0,3169.36,2025-08-29,In-App Message,Requested payment schedule clarification,Collin,"9970 Dunlap Expressway, Allen, TX 75013"
Gary Mccann,(288)744-4310x69872,10512117,669634.23,510509.21,7318.59,6245.32,874.28,6637.44,939.64,2025-03-10,2025-09-11,2026-03-10,2026-09-11,0.0,1521.34,2025-09-21,In-App Message,Follow-up on prior escrow analysis letter,Dallas,"49731 Jamie Route Suite 171, Irving, TX 75150"
Steven Baker,+1-686-525-6527x0477,46045780,325502.21,185400.93,7759.18,6529.67,2336.76,6839.58,2502.78,2025-04-10,2025-06-01,2026-04-10,2026-06-01,0.0,3140.24,2025-09-23,In-App Message,Verified insurance premium update,Tarrant,"11586 Angela Ville, Grapevine, TX 76010"
Melissa Mayer,001-437-341-6089,70269093,545594.84,509113.14,6718.24,6605.67,1035.28,6952.47,1105.37,2025-01-28,2025-07-12,2026-01-28,2026-07-12,0.0,2682.57,2025-08-28,Chat,Follow-up on prior escrow analysis letter,Tarrant,"33206 Vanessa Mews, Arlington, TX 76011"
Deanna Bartlett,916-286-8548,93625419,212906.34,112873.61,4145.23,5310.09,2212.78,5513.22,2416.24,2025-04-19,2025-02-21,2026-04-19,2026-02-21,0.0,5105.81,2025-09-20,In-App Message,Inquired about property tax adjustment,Collin,"62299 Sara Port Apt. 485, Plano, TX 75025"
Laura Kennedy,(746)529-9606,16615722,447340.47,284947.27,3703.16,3367.22,1181.72,3564.81,1204.08,2025-08-26,2025-05-02,2026-08-26,2026-05-02,0.0,1860.54,2025-10-28,Chat,Requested payment schedule clarification,Collin,"5054 Ramirez Overpass Apt. 324, McKinney, TX 75013"
Debra Butler,+1-613-873-6785x0821,28206610,838047.13,575090.96,6817.77,6414.79,1597.49,6962.49,1743.7,2025-08-11,2025-01-27,2026-08-11,2026-01-27,0.0,3339.45,2025-09-09,Call,Inquired about property tax adjustment,Dallas,"33030 Williams Lake, Dallas, TX 75219"
John Sanders,703-757-9727,31946425,855169.46,645174.09,3962.78,6492.78,1203.99,6758.77,1241.87,2025-02-23,2025-07-22,2026-02-23,2026-07-22,0.0,5371.3,2025-09-22,In-App Message,Asked about escrow increase explanation,Dallas,"140 Williams Walk Apt. 333, Irving, TX 75062"
Sharon Coffey,+1-707-922-9034x94466,43822694,552040.34,422850.46,5025.33,6233.45,1295.16,6421.33,1349.24,2025-04-05,2025-06-17,2026-04-05,2026-06-17,0.0,4040.33,2025-10-15,In-App Message,Requested payment schedule clarification,Collin,"4896 Adrian Shore, McKinney, TX 75035"
Diane Cohen,815.745.4443x2830,28781020,865052.76,624603.54,6504.89,5284.3,834.57,5858.17,846.19,2024-11-24,2025-06-25,2025-11-24,2026-06-25,0.0,1316.86,2025-10-21,In-App Message,Inquired about property tax adjustment,Collin,"744 Sullivan Street, Allen, TX 75013"
Rose Cooper DDS,+1-487-758-4282x41724,97836731,417820.41,202133.07,2687.88,5956.97,976.23,6447.65,1052.47,2025-05-10,2024-12-26,2026-05-10,2025-12-26,0.0,6062.26,2025-09-28,Email,Asked about escrow increase explanation,Tarrant,"53465 Green Hill, Grapevine, TX 76102"
Mark Carpenter,+1-417-538-1684x602,55992373,760131.65,408604.64,6454.0,5090.8,1982.16,5532.97,2146.75,2024-11-12,2025-05-05,2025-11-12,2026-05-05,0.0,2505.67,2025-09-09,Call,Verified insurance premium update,Tarrant,"725 Kimberly Oval Suite 250, Grapevine, TX 76109"
Raymond Johnston,(971)829-6666,10626681,182854.71,100521.62,1293.34,7200.17,1676.15,8057.14,1774.83,2025-01-24,2024-11-17,2026-01-24,2025-11-17,0.0,10177.29,2025-10-18,Chat,Asked about escrow increase explanation,Collin,"350 Sherman Pines, Allen, TX 75024"
Nicholas Perez,(642)916-8942x104,79831928,796603.9,377512.2,5590.12,4229.47,2158.88,4522.68,2258.19,2025-08-20,2024-12-31,2026-08-20,2025-12-31,0.0,2320.9,2025-09-03,In-App Message,Verified insurance premium update,Dallas,"2575 Frederick Valleys Suite 033, Garland, TX 75219"
Leah Jackson,(306)848-9090x100,69634854,669051.37,423960.1,6581.04,4200.24,940.44,4486.72,986.29,2025-07-04,2025-08-10,2026-07-04,2026-08-10,195.86,0.0,2025-08-27,Email,Follow-up on prior escrow analysis letter,Tarrant,"84723 Kevin Shore Apt. 849, Fort Worth, TX 76010"
Steven Hunt,+1-714-811-7393x483,49641367,210051.68,163936.85,3145.47,5711.8,1524.4,6237.74,1587.87,2024-12-15,2024-12-23,2025-12-15,2025-12-23,0.0,5984.41,2025-11-03,Call,Inquired about property tax adjustment,Tarrant,"87375 Aaron Skyway, Arlington, TX 76102"
Kathleen Herring,001-681-714-3744x70120,51970837,629601.98,532478.9,1401.51,6020.33,1490.56,6478.95,1606.06,2025-07-10,2025-02-23,2026-07-10,2026-02-23,0.0,8031.0,2025-11-07,Email,Asked about escrow increase explanation,Harris,"110 Melissa Shore Apt. 557, Pasadena, TX 77057"
Jacqueline Cooper,366-474-6762,17871385,244672.52,138973.43,5516.14,4629.68,2414.09,4782.06,2471.57,2025-03-30,2025-07-06,2026-03-30,2026-07-06,0.0,2946.43,2025-08-16,In-App Message,Inquired about property tax adjustment,Dallas,"69797 Cheryl Tunnel, Mesquite, TX 75201"
Sheryl Acosta,(777)216-7014,80439867,580441.33,414858.8,3786.24,5923.02,1224.34,6161.19,1317.65,2025-02-15,2025-05-17,2026-02-15,2026-05-17,0.0,4939.07,2025-09-16,In-App Message,Follow-up on prior escrow analysis letter,Tarrant,"588 Ryan Stream, Arlington, TX 76102"
Margaret Hernandez,+1-390-902-8772,53034742,731223.36,586454.96,2501.99,5753.45,1979.77,6443.15,2035.24,2024-12-11,2025-05-08,2025-12-11,2026-05-08,0.0,7389.46,2025-09-26,Email,Asked about escrow increase explanation,Travis,"4083 Powell Freeway, Austin, TX 78704"
Joan Gates,351.670.1660x880,78227936,897946.8,767974.94,7772.93,7439.59,1935.33,8137.86,2050.48,2025-05-06,2025-03-19,2026-05-06,2026-03-19,0.0,4113.47,2025-10-07,Chat,Inquired about property tax adjustment,Travis,"755 Lisa Vista, Austin, TX 78745"
Lindsay Moran,(371)213-0554x885,32032560,421119.14,236719.83,7895.93,6564.3,1202.45,7053.09,1253.53,2025-08-16,2025-03-22,2026-08-16,2026-03-22,0.0,1795.13,2025-08-24,Chat,Verified insurance premium update,Dallas,"61493 David Walk Suite 373, Irving, TX 75150"
Amber Schultz,+1-991-477-9827x08086,87652255,199311.08,129368.83,6018.54,5153.99,1498.35,5498.53,1590.86,2025-04-22,2025-07-05,2026-04-22,2026-07-05,0.0,2252.41,2025-11-10,Email,Inquired about property tax adjustment,Harris,"216 Gordon Lights, Houston, TX 77007"
Danielle Sanders,547-622-6984x85833,56344519,660081.74,410740.74,7145.72,6511.18,1887.65,6813.15,2070.68,2025-03-27,2025-06-17,2026-03-27,2026-06-17,0.0,3218.75,2025-09-29,In-App Message,Follow-up on prior escrow analysis letter,Collin,"288 Page Trace, McKinney, TX 75034"
Terri Mckinney,+1-484-660-8106x20034,43629729,264761.6,140940.16,3258.63,6191.99,1388.24,6902.1,1513.94,2025-07-31,2025-08-25,2026-07-31,2026-08-25,0.0,6560.08,2025-10-07,Call,Inquired about property tax adjustment,Collin,"43805 Garcia Ways, Plano, TX 75035"
Natalie Hoffman,284.206.6658,43734435,618766.77,468538.95,1654.0,5884.44,1806.07,6368.48,1851.96,2025-03-05,2025-05-04,2026-03-05,2026-05-04,0.0,7936.51,2025-08-31,Chat,Follow-up on prior escrow analysis letter,Dallas,"735 Kimberly Fields, Garland, TX 75204"
Mrs. Tonya Moss,660-264-8422,54367386,184096.35,141888.0,5037.4,5930.08,2103.83,6330.32,2245.86,2025-03-30,2024-12-09,2026-03-30,2025-12-09,0.0,4968.14,2025-10-29,In-App Message,Follow-up on prior escrow analysis letter,Collin,"202 Carlson Trail Suite 798, Plano, TX 75013"
Kelly Krueger,718.626.8861x53355,39319229,512208.61,436577.97,5794.94,4338.45,924.05,4492.0,969.85,2024-12-25,2025-04-09,2025-12-25,2026-04-09,0.0,577.22,2025-09-07,In-App Message,Verified insurance premium update,Tarrant,"015 Allen Row Apt. 056, Grapevine, TX 76109"
Diane Pruitt,001-258-387-7043x58112,38290610,257751.52,227012.73,3235.21,7446.11,1387.13,7936.69,1495.96,2025-08-28,2025-08-04,2026-08-28,2026-08-04,0.0,7769.55,2025-08-28,Call,Inquired about property tax adjustment,Dallas,"613 Lucas Cliffs, Garland, TX 75062"
Mitchell Johnson,802-848-1934,70549061,350603.76,201232.34,1677.68,4305.95,1453.05,4673.61,1500.05,2025-03-29,2025-05-25,2026-03-29,2026-05-25,0.0,5524.92,2025-08-24,Email,Inquired about property tax adjustment,Dallas,"5061 Darlene River Apt. 901, Mesquite, TX 75201"
Michael Obrien,476-660-7283x2684,96965116,292375.58,154862.93,7971.79,5100.67,2294.43,5482.01,2335.97,2025-02-01,2025-04-20,2026-02-01,2026-04-20,0.0,1149.19,2025-11-09,In-App Message,Follow-up on prior escrow analysis letter,Harris,"88210 Ashley Lock Apt. 435, Pearland, TX 77077"
Kayla Martin,994.331.2908,49010740,587508.08,278672.16,2969.49,5688.83,2232.84,6203.82,2312.59,2025-07-23,2025-02-10,2026-07-23,2026-02-10,0.0,6966.32,2025-08-23,Call,Asked about escrow increase explanation,Travis,"1397 Howard Skyway, Austin, TX 78702"
